Channel,Longitude,Latitude,Depth (m)
510,-0.32314,39.493,0.22098
511,-0.32294,39.493,0.22098
512,-0.32275,39.493,0.22098
513,-0.32255,39.493,0.44955
514,-0.32235,39.493,0.85588
515,-0.32216,39.493,1.313
516,-0.32196,39.493,1.7447
517,-0.32177,39.493,2.2019
518,-0.32157,39.493,2.6336
519,-0.32138,39.493,3.0653
520,-0.32118,39.493,3.2685
521,-0.32099,39.493,3.3701
522,-0.32079,39.493,3.5479
523,-0.32059,39.493,3.5733
524,-0.3204,39.493,3.8018
525,-0.3202,39.493,4.005
526,-0.32001,39.493,4.259
527,-0.31981,39.493,4.4621
528,-0.31962,39.493,4.5637
529,-0.31942,39.493,4.7415
530,-0.31922,39.493,4.9193
531,-0.31903,39.493,5.097
532,-0.31883,39.493,5.1986
533,-0.31864,39.493,5.351
534,-0.31844,39.493,5.478
535,-0.31825,39.493,5.6303
536,-0.31805,39.493,5.8081
537,-0.31785,39.493,5.9097
538,-0.31766,39.493,6.0875
539,-0.31746,39.493,6.1891
540,-0.31727,39.493,6.316
541,-0.31707,39.493,6.4176
542,-0.31688,39.493,6.5954
543,-0.31668,39.493,6.7986
544,-0.31649,39.493,6.9255
545,-0.31629,39.493,7.0525
546,-0.31609,39.493,7.0779
547,-0.3159,39.493,7.2049
548,-0.3157,39.493,7.3573
549,-0.31551,39.493,7.6366
550,-0.31531,39.493,7.789
551,-0.31512,39.493,7.916
552,-0.31492,39.493,8.1192
553,-0.31472,39.493,8.2969
554,-0.31453,39.493,8.4747
555,-0.31433,39.493,8.6017
556,-0.31414,39.493,8.7541
557,-0.31394,39.493,8.9064
558,-0.31375,39.493,9.0334
559,-0.31355,39.493,9.2112
560,-0.31336,39.493,9.4144
561,-0.31316,39.493,9.5159
562,-0.31296,39.493,9.7953
563,-0.31277,39.493,9.8715
564,-0.31257,39.493,10.075
565,-0.31238,39.493,10.202
566,-0.31218,39.493,10.278
567,-0.31199,39.493,10.354
568,-0.31179,39.493,10.583
569,-0.3116,39.493,10.583
570,-0.3114,39.493,10.583
571,-0.3112,39.493,10.71
572,-0.31101,39.493,10.887
573,-0.31081,39.493,10.887
574,-0.31062,39.493,10.913
575,-0.31042,39.493,11.141
576,-0.31023,39.493,11.192
577,-0.31003,39.493,11.243
578,-0.30983,39.493,11.395
579,-0.30964,39.493,11.497
580,-0.30944,39.493,11.522
581,-0.30925,39.493,11.675
582,-0.30905,39.493,11.37
583,-0.30886,39.493,11.471
584,-0.30866,39.493,11.802
585,-0.30847,39.493,11.903
586,-0.30827,39.493,11.954
587,-0.30807,39.493,11.954
588,-0.30788,39.493,11.954
589,-0.30768,39.493,12.03
590,-0.30749,39.493,12.259
591,-0.30729,39.493,12.259
592,-0.3071,39.493,12.259
593,-0.3069,39.493,12.259
594,-0.30671,39.493,12.411
595,-0.30651,39.493,12.462
596,-0.30631,39.493,12.563
597,-0.30612,39.493,12.665
598,-0.30592,39.493,12.716
599,-0.30573,39.493,12.716
600,-0.30553,39.493,12.716
601,-0.30534,39.493,12.716
602,-0.30514,39.493,12.868
603,-0.30494,39.493,12.868
604,-0.30475,39.493,12.868
605,-0.30455,39.493,12.944
606,-0.30436,39.493,13.021
607,-0.30416,39.493,13.148
608,-0.30397,39.493,13.173
609,-0.30377,39.493,13.173
610,-0.30358,39.493,13.173
611,-0.30338,39.493,13.249
612,-0.30319,39.493,13.452
613,-0.30299,39.493,13.529
614,-0.30279,39.493,13.63
615,-0.3026,39.493,13.63
616,-0.3024,39.493,13.63
617,-0.30221,39.493,13.63
618,-0.30201,39.493,13.973
619,-0.30182,39.493,13.935
620,-0.30162,39.493,13.935
621,-0.30143,39.493,13.935
622,-0.30123,39.493,13.935
623,-0.30103,39.493,13.986
624,-0.30084,39.493,13.909
625,-0.30064,39.493,13.782
626,-0.30045,39.493,13.691
627,-0.30025,39.493,12.868
628,-0.30006,39.493,12.716
629,-0.29986,39.493,12.716
630,-0.29966,39.493,12.716
631,-0.29947,39.493,12.716
632,-0.29927,39.493,12.868
633,-0.29908,39.493,13.021
634,-0.29888,39.493,13.021
635,-0.29869,39.493,13.021
636,-0.29849,39.493,13.217
637,-0.2983,39.493,13.565
638,-0.2981,39.493,13.63
639,-0.2979,39.493,14.121
640,-0.29771,39.493,14.506
641,-0.29751,39.493,14.544
642,-0.29732,39.493,14.544
643,-0.29712,39.493,14.544
644,-0.29693,39.493,14.963
645,-0.29673,39.493,14.849
646,-0.29654,39.493,14.849
647,-0.29634,39.493,15.045
648,-0.29614,39.493,15.154
649,-0.29595,39.493,15.154
650,-0.29575,39.493,15.535
651,-0.29556,39.493,15.459
652,-0.29536,39.493,15.459
653,-0.29517,39.493,15.459
654,-0.29497,39.493,15.459
655,-0.29477,39.493,15.655
656,-0.29458,39.493,15.763
657,-0.29438,39.493,15.763
658,-0.29419,39.493,15.763
659,-0.29399,39.493,16.182
660,-0.2938,39.493,16.335
661,-0.2936,39.493,16.373
662,-0.29341,39.493,16.373
663,-0.29321,39.493,16.373
664,-0.29302,39.493,16.373
665,-0.29282,39.493,16.373
666,-0.29262,39.493,16.373
667,-0.29243,39.493,16.449
668,-0.29223,39.493,16.068
669,-0.29204,39.493,16.068
670,-0.29184,39.493,16.068
671,-0.29165,39.493,16.563
672,-0.29145,39.493,16.83
673,-0.29126,39.493,16.982
674,-0.29106,39.493,17.524
675,-0.29086,39.493,17.059
676,-0.29067,39.493,17.846
677,-0.29047,39.493,18.125
678,-0.29028,39.493,18.354
679,-0.29008,39.493,18.532
680,-0.28989,39.493,18.659
681,-0.28969,39.493,18.786
682,-0.2895,39.493,18.963
683,-0.2893,39.493,18.963
684,-0.2891,39.493,18.963
685,-0.28891,39.493,19.141
686,-0.28871,39.493,19.268
687,-0.28852,39.493,19.116
688,-0.28832,39.493,19.573
689,-0.28813,39.493,19.725
690,-0.28793,39.493,20.106
691,-0.28774,39.493,20.373
692,-0.28754,39.493,19.801
693,-0.28734,39.493,19.954
694,-0.28715,39.493,20.182
695,-0.28695,39.493,20.258
696,-0.28676,39.493,20.284
697,-0.28656,39.493,20.538
698,-0.28637,39.493,20.944
699,-0.28617,39.493,20.966
700,-0.28598,39.493,20.966
701,-0.28578,39.493,21.271
702,-0.28558,39.493,21.875
703,-0.28539,39.493,21.858
704,-0.28519,39.493,21.858
705,-0.285,39.493,21.858
706,-0.2848,39.493,21.837
707,-0.28461,39.493,21.469
708,-0.28441,39.493,20.792
709,-0.28422,39.493,20.639
710,-0.28402,39.493,20.639
711,-0.28382,39.493,20.835
712,-0.28363,39.493,21.097
713,-0.28343,39.493,21.537
714,-0.28324,39.493,21.554
715,-0.28304,39.493,21.554
716,-0.28285,39.493,21.469
717,-0.28265,39.493,20.716
718,-0.28245,39.493,19.878
719,-0.28226,39.493,20.03
720,-0.28206,39.493,20.777
721,-0.28187,39.493,21.249
722,-0.28167,39.493,21.554
723,-0.28148,39.493,21.837
724,-0.28128,39.493,22.141
725,-0.28109,39.493,22.654
726,-0.28089,39.493,23.001
727,-0.28069,39.493,23.052
728,-0.2805,39.493,22.62
729,-0.2803,39.493,22.874
730,-0.28011,39.493,23.154
731,-0.27991,39.493,23.255
732,-0.27972,39.493,23.535
733,-0.27952,39.493,23.535
734,-0.27933,39.493,23.636
735,-0.27913,39.493,23.839
736,-0.27893,39.493,23.865
737,-0.27874,39.493,24.144
738,-0.27854,39.493,24.144
739,-0.27835,39.493,24.144
740,-0.27815,39.493,24.022
741,-0.27796,39.493,24.043
742,-0.27776,39.493,24.144
743,-0.27757,39.493,23.966
744,-0.27737,39.493,24.043
745,-0.27717,39.493,24.144
746,-0.27698,39.493,24.22
747,-0.27678,39.493,24.296
748,-0.27659,39.493,24.144
749,-0.27639,39.493,24.144
750,-0.2762,39.493,24.144
751,-0.276,39.493,24.144
752,-0.2758,39.493,24.296
753,-0.27561,39.493,24.246
754,-0.27541,39.493,24.449
755,-0.27522,39.493,24.449
756,-0.27502,39.493,24.449
757,-0.27483,39.493,24.449
758,-0.27463,39.493,24.347
759,-0.27444,39.493,24.144
760,-0.27424,39.493,24.144
761,-0.27404,39.493,24.144
762,-0.27385,39.493,23.89
763,-0.27365,39.493,23.865
764,-0.27346,39.493,25.183
765,-0.27326,39.493,25.135
766,-0.27307,39.493,25.058
767,-0.27287,39.493,24.906
768,-0.27268,39.493,24.906
769,-0.27248,39.493,24.906
770,-0.27229,39.493,25.173
771,-0.27209,39.493,25.439
772,-0.27189,39.493,25.363
773,-0.2717,39.493,24.83
774,-0.2715,39.493,24.881
775,-0.27131,39.493,25.211
776,-0.27111,39.493,25.477
777,-0.27092,39.493,25.515
778,-0.27072,39.493,25.515
779,-0.27053,39.493,25.515
780,-0.27033,39.492,25.515
781,-0.27013,39.492,25.711
782,-0.26994,39.492,25.82
783,-0.26974,39.492,25.82
784,-0.26955,39.492,25.82
785,-0.26935,39.492,25.82
786,-0.26916,39.492,26.239
787,-0.26897,39.492,26.125
788,-0.26877,39.492,26.125
789,-0.26858,39.492,26.125
790,-0.26838,39.492,26.468
791,-0.26819,39.492,26.43
792,-0.26799,39.492,26.354
793,-0.26779,39.492,26.354
794,-0.2676,39.492,26.43
795,-0.26741,39.492,26.773
796,-0.26721,39.492,26.734
797,-0.26701,39.492,26.734
798,-0.26682,39.492,26.734
799,-0.26662,39.492,27.001
800,-0.26643,39.492,27.039
801,-0.26623,39.492,27.039
802,-0.26604,39.492,27.039
803,-0.26584,39.492,27.039
804,-0.26565,39.492,27.366
805,-0.26545,39.492,27.344
806,-0.26526,39.492,27.293
807,-0.26506,39.492,27.166
808,-0.26486,39.492,27.192
809,-0.26467,39.492,27.446
810,-0.26447,39.492,27.522
811,-0.26428,39.492,27.649
812,-0.26408,39.492,27.649
813,-0.26389,39.492,27.547
814,-0.26369,39.492,27.75
815,-0.2635,39.492,27.877
816,-0.2633,39.492,27.953
817,-0.26311,39.492,27.953
818,-0.26292,39.492,28.296
819,-0.26272,39.492,28.258
820,-0.26253,39.492,28.258
821,-0.26233,39.492,28.258
822,-0.26214,39.492,28.411
823,-0.26194,39.492,28.628
824,-0.26175,39.492,28.563
825,-0.26155,39.492,28.563
826,-0.26136,39.492,28.563
827,-0.26116,39.492,29.048
828,-0.26096,39.492,28.868
829,-0.26077,39.492,28.868
830,-0.26058,39.492,28.868
831,-0.26038,39.492,29.38
832,-0.26019,39.492,29.173
833,-0.25999,39.492,29.173
834,-0.2598,39.492,29.599
835,-0.25961,39.492,29.543
836,-0.25941,39.492,29.477
837,-0.25922,39.492,29.477
838,-0.25902,39.492,29.564
839,-0.25883,39.492,29.63
840,-0.25863,39.492,29.782
841,-0.25844,39.492,30.138
842,-0.25824,39.492,30.201
843,-0.25805,39.492,30.087
844,-0.25785,39.492,30.087
845,-0.25766,39.492,30.513
846,-0.25746,39.492,30.457
847,-0.25728,39.492,30.392
848,-0.25708,39.492,30.658
849,-0.25689,39.492,30.925
850,-0.2567,39.492,30.696
851,-0.2565,39.492,30.696
852,-0.25631,39.492,31.052
853,-0.25611,39.492,31.115
854,-0.25592,39.492,31.001
855,-0.25572,39.492,31.001
856,-0.25552,39.492,30.772
857,-0.25533,39.492,30.976
858,-0.25513,39.492,31.128
859,-0.25494,39.492,31.179
860,-0.25474,39.492,31.458
861,-0.25455,39.492,31.611
862,-0.25435,39.492,31.611
863,-0.25416,39.492,31.611
864,-0.25396,39.492,32.03
865,-0.25377,39.492,31.915
866,-0.25357,39.492,31.915
867,-0.25338,39.492,31.915
868,-0.25318,39.492,32.201
869,-0.25299,39.492,32.144
870,-0.25279,39.492,32.22
871,-0.2526,39.492,32.22
872,-0.2524,39.492,32.563
873,-0.25221,39.492,32.525
874,-0.25201,39.492,32.525
875,-0.25182,39.492,32.525
876,-0.25162,39.492,32.791
877,-0.25143,39.492,32.83
878,-0.25123,39.492,32.449
879,-0.25104,39.492,32.129
880,-0.25084,39.492,32.525
881,-0.25065,39.492,33.033
882,-0.25045,39.492,33.134
883,-0.25025,39.492,33.134
884,-0.25006,39.492,33.287
885,-0.24986,39.492,33.504
886,-0.24967,39.492,33.439
887,-0.24947,39.492,33.439
888,-0.24928,39.492,33.439
889,-0.24908,39.492,33.82
890,-0.24889,39.492,33.744
891,-0.24869,39.492,33.744
892,-0.2485,39.492,33.744
893,-0.2483,39.492,33.744
894,-0.2481,39.492,34.125
895,-0.24791,39.492,34.049
896,-0.24771,39.492,34.049
897,-0.24752,39.492,34.049
898,-0.24732,39.492,34.353
899,-0.24713,39.492,34.353
900,-0.24693,39.492,34.353
901,-0.24674,39.492,34.353
902,-0.24654,39.492,34.696
903,-0.24635,39.492,34.658
904,-0.24615,39.492,34.658
905,-0.24596,39.492,34.658
906,-0.24576,39.492,34.81
907,-0.24557,39.492,35.146
908,-0.24537,39.492,34.963
909,-0.24518,39.492,34.963
910,-0.24498,39.492,35.229
911,-0.24478,39.492,35.42
912,-0.24459,39.492,35.268
913,-0.24439,39.492,35.268
914,-0.2442,39.492,35.623
915,-0.244,39.492,35.687
916,-0.24381,39.492,35.572
917,-0.24361,39.492,35.572
918,-0.24341,39.492,35.999
919,-0.24322,39.492,35.942
920,-0.24302,39.492,35.877
921,-0.24283,39.492,36.144
922,-0.24263,39.492,36.334
923,-0.24244,39.492,36.182
924,-0.24224,39.492,36.182
925,-0.24205,39.492,36.487
926,-0.24185,39.492,36.487
927,-0.24165,39.492,36.487
928,-0.24146,39.492,36.913
929,-0.24126,39.492,36.857
930,-0.24107,39.492,36.791
931,-0.24087,39.492,37.035
932,-0.24068,39.492,37.218
933,-0.24048,39.492,37.101
934,-0.24029,39.492,37.081
935,-0.24009,39.492,37.327
936,-0.23989,39.492,37.421
937,-0.2397,39.492,37.375
938,-0.2395,39.492,37.782
939,-0.23931,39.492,37.716
940,-0.23911,39.492,37.69
941,-0.23892,39.492,37.995
942,-0.23872,39.492,38.015
943,-0.23853,39.492,37.99
944,-0.23833,39.492,38.391
945,-0.23813,39.492,38.315
946,-0.23794,39.492,38.546
947,-0.23774,39.492,38.386
948,-0.23755,39.492,39.136
949,-0.23735,39.492,39.212
950,-0.23716,39.492,39.464
951,-0.23696,39.492,39.464
952,-0.23677,39.492,39.665
953,-0.23657,39.492,39.766
954,-0.23638,39.492,39.993
955,-0.23618,39.492,40.169
956,-0.23598,39.492,40.386
957,-0.23579,39.492,40.37
958,-0.23559,39.492,40.622
959,-0.2354,39.492,40.664
960,-0.2352,39.492,40.899
961,-0.23501,39.492,41.051
962,-0.23481,39.492,41.277
963,-0.23462,39.492,41.378
964,-0.23442,39.492,41.58
965,-0.23422,39.492,41.605
966,-0.23403,39.492,41.882
967,-0.23383,39.492,41.882
968,-0.23364,39.492,42.033
969,-0.23344,39.492,42.386
970,-0.23325,39.492,42.562
971,-0.23305,39.492,42.789
972,-0.23285,39.492,42.89
973,-0.23266,39.492,43.091
974,-0.23246,39.492,43.393
975,-0.23227,39.492,43.595
976,-0.23207,39.492,43.595
977,-0.23188,39.492,43.998
978,-0.23168,39.492,43.998
979,-0.23149,39.492,44.633
980,-0.23129,39.492,44.905
981,-0.23109,39.492,45.106
982,-0.2309,39.492,45.207
983,-0.2307,39.492,45.509
984,-0.23051,39.492,45.661
985,-0.23031,39.492,45.812
986,-0.23012,39.492,46.114
987,-0.22992,39.492,46.114
988,-0.22973,39.492,46.21
989,-0.22953,39.492,46.114
990,-0.22934,39.492,46.139
991,-0.22914,39.492,46.719
992,-0.22894,39.492,46.618
993,-0.22875,39.492,46.719
994,-0.22855,39.492,46.744
995,-0.22836,39.492,47.021
996,-0.22816,39.492,47.222
997,-0.22797,39.492,47.323
998,-0.22777,39.492,47.626
999,-0.22758,39.492,47.852
1000,-0.22738,39.492,48.033
1001,-0.22719,39.492,48.235
1002,-0.22699,39.492,48.23
1003,-0.2268,39.492,48.23
1004,-0.2266,39.492,48.532
1005,-0.2264,39.492,48.532
1006,-0.22621,39.492,48.719
1007,-0.22601,39.492,48.835
1008,-0.22582,39.492,48.835
1009,-0.22562,39.492,48.935
1010,-0.22543,39.492,49.137
1011,-0.22523,39.492,49.137
1012,-0.22504,39.492,49.339
1013,-0.22484,39.492,49.439
1014,-0.22465,39.492,49.439
1015,-0.22445,39.492,49.641
1016,-0.22426,39.492,49.742
1017,-0.22406,39.492,49.742
1018,-0.22386,39.492,49.742
1019,-0.22367,39.492,50.044
1020,-0.22347,39.492,50.044
1021,-0.22328,39.492,50.044
1022,-0.22308,39.492,50.044
1023,-0.22289,39.492,50.346
1024,-0.22269,39.492,50.346
1025,-0.2225,39.492,50.346
1026,-0.2223,39.492,50.381
1027,-0.22211,39.492,50.679
1028,-0.22191,39.492,50.648
1029,-0.22171,39.492,50.648
1030,-0.22152,39.492,50.648
1031,-0.22132,39.492,50.648
1032,-0.22113,39.492,50.9
1033,-0.22093,39.492,50.951
1034,-0.22074,39.492,50.951
1035,-0.22054,39.492,50.951
1036,-0.22035,39.492,51.102
1037,-0.22015,39.492,51.203
1038,-0.21996,39.492,51.253
1039,-0.21976,39.492,51.248
1040,-0.21956,39.492,51.253
1041,-0.21937,39.492,51.48
1042,-0.21917,39.492,51.555
1043,-0.21898,39.492,51.555
1044,-0.21878,39.492,51.555
1045,-0.21859,39.492,51.555
1046,-0.21839,39.492,51.606
1047,-0.2182,39.492,51.807
1048,-0.218,39.492,51.858
1049,-0.2178,39.492,51.858
1050,-0.21761,39.492,51.858
1051,-0.21741,39.492,51.858
1052,-0.21722,39.492,51.858
1053,-0.21702,39.492,51.958
1054,-0.21683,39.492,52.059
1055,-0.21663,39.492,51.933
1056,-0.21644,39.492,52.084
1057,-0.21624,39.492,52.16
1058,-0.21604,39.492,52.16
1059,-0.21585,39.492,52.422
1060,-0.21565,39.492,52.487
1061,-0.21546,39.492,52.477
1062,-0.21526,39.492,52.427
1063,-0.21507,39.492,52.235
1064,-0.21487,39.492,52.437
1065,-0.21468,39.492,52.558
1066,-0.21448,39.492,52.765
1067,-0.21428,39.492,52.765
1068,-0.21409,39.491,52.765
1069,-0.21389,39.491,52.765
1070,-0.2137,39.491,52.765
1071,-0.2135,39.491,52.765
1072,-0.21331,39.491,52.756
1073,-0.21311,39.491,52.991
1074,-0.21292,39.491,53.132
1075,-0.21272,39.491,53.072
1076,-0.21253,39.491,53.067
1077,-0.21233,39.491,53.067
1078,-0.21213,39.491,53.114
1079,-0.21194,39.491,52.739
1080,-0.21174,39.491,52.765
1081,-0.21155,39.491,52.765
1082,-0.21135,39.491,53.294
1083,-0.21116,39.491,53.369
1084,-0.21096,39.491,53.369
1085,-0.21077,39.491,53.369
1086,-0.21057,39.491,53.47
1087,-0.21037,39.491,53.369
1088,-0.21018,39.491,53.369
1089,-0.20998,39.491,53.419
1090,-0.20979,39.491,53.369
1091,-0.20959,39.491,53.369
1092,-0.2094,39.491,53.419
1093,-0.2092,39.491,53.671
1094,-0.20901,39.491,53.671
1095,-0.20881,39.491,53.923
1096,-0.20861,39.491,53.974
1097,-0.20842,39.491,53.974
1098,-0.20822,39.491,53.974
1099,-0.20803,39.491,53.974
1100,-0.20783,39.491,53.974
1101,-0.20764,39.491,53.974
1102,-0.20744,39.491,54.175
1103,-0.20725,39.491,54.276
1104,-0.20705,39.491,54.271
1105,-0.20686,39.491,54.281
1106,-0.20666,39.491,54.168
1107,-0.20647,39.491,53.974
1108,-0.20627,39.491,53.974
1109,-0.20608,39.491,53.999
1110,-0.20588,39.491,54.377
1111,-0.20568,39.491,54.629
1112,-0.20549,39.491,54.587
1113,-0.20529,39.491,54.578
1114,-0.2051,39.491,54.578
1115,-0.2049,39.491,54.654
1116,-0.20471,39.491,54.881
1117,-0.20451,39.491,54.881
1118,-0.20432,39.491,54.855
1119,-0.20412,39.491,54.629
1120,-0.20393,39.491,54.729
1121,-0.20373,39.491,54.881
1122,-0.20354,39.491,54.881
1123,-0.20334,39.491,55.057
1124,-0.20314,39.491,55.082
1125,-0.20295,39.491,55.183
1126,-0.20275,39.491,55.183
1127,-0.20256,39.491,55.183
1128,-0.20236,39.491,55.183
1129,-0.20217,39.491,55.284
1130,-0.20197,39.491,55.485
1131,-0.20178,39.491,55.485
1132,-0.20158,39.491,55.485
1133,-0.20139,39.491,55.485
1134,-0.20119,39.491,55.485
1135,-0.20099,39.491,55.485
1136,-0.2008,39.491,55.485
1137,-0.2006,39.491,55.485
1138,-0.20041,39.491,55.787
1139,-0.20021,39.491,55.687
1140,-0.20002,39.491,55.787
1141,-0.19982,39.491,55.787
1142,-0.19963,39.491,55.787
1143,-0.19943,39.491,55.787
1144,-0.19924,39.491,55.787
1145,-0.19904,39.491,55.964
1146,-0.19884,39.491,56.09
1147,-0.19865,39.491,56.095
1148,-0.19845,39.491,56.09
1149,-0.19826,39.491,56.09
1150,-0.19806,39.491,56.09
1151,-0.19787,39.491,56.342
1152,-0.19767,39.491,56.392
1153,-0.19748,39.491,56.392
1154,-0.19728,39.491,56.392
1155,-0.19708,39.491,56.528
1156,-0.19689,39.491,56.694
1157,-0.19669,39.491,56.694
1158,-0.1965,39.491,56.694
1159,-0.1963,39.491,56.694
1160,-0.19611,39.491,56.694
1161,-0.19591,39.491,56.694
1162,-0.19572,39.491,56.694
1163,-0.19552,39.491,56.997
1164,-0.19532,39.491,56.997
1165,-0.19513,39.491,56.997
1166,-0.19493,39.491,56.997
1167,-0.19474,39.491,56.946
1168,-0.19454,39.491,57.299
1169,-0.19435,39.491,57.299
1170,-0.19415,39.491,57.299
1171,-0.19396,39.491,57.299
1172,-0.19376,39.491,57.299
1173,-0.19356,39.491,57.269
1174,-0.19337,39.491,56.997
1175,-0.19317,39.491,56.997
1176,-0.19298,39.491,57.173
1177,-0.19278,39.491,57.4
1178,-0.19259,39.491,57.601
1179,-0.19239,39.491,57.601
1180,-0.1922,39.491,57.601
1181,-0.192,39.491,57.601
1182,-0.19181,39.491,57.601
1183,-0.19161,39.491,57.601
1184,-0.19142,39.491,57.677
1185,-0.19122,39.491,57.904
1186,-0.19102,39.491,58.105
1187,-0.19083,39.491,58.206
1188,-0.19063,39.491,58.206
1189,-0.19044,39.491,58.105
1190,-0.19024,39.491,58.14
1191,-0.19005,39.491,57.904
1192,-0.18985,39.491,58.333
1193,-0.18966,39.491,58.508
1194,-0.18946,39.491,58.508
1195,-0.18926,39.491,58.508
1196,-0.18907,39.491,58.508
1197,-0.18887,39.491,58.76
1198,-0.18868,39.491,58.81
1199,-0.18848,39.491,58.81
1200,-0.18829,39.491,58.81
1201,-0.18809,39.491,58.911
1202,-0.1879,39.491,59.113
1203,-0.1877,39.491,59.113
1204,-0.18751,39.491,59.113
1205,-0.18731,39.491,59.113
1206,-0.18711,39.491,59.113
1207,-0.18692,39.491,59.113
1208,-0.18672,39.491,59.314
1209,-0.18653,39.491,59.415
1210,-0.18633,39.491,59.415
1211,-0.18614,39.491,59.415
1212,-0.18594,39.491,59.591
1213,-0.18575,39.491,59.717
1214,-0.18555,39.491,59.717
1215,-0.18535,39.491,59.717
1216,-0.18516,39.491,59.717
1217,-0.18496,39.491,59.717
1218,-0.18477,39.491,59.717
1219,-0.18457,39.491,59.717
1220,-0.18438,39.491,59.919
1221,-0.18418,39.491,60.02
1222,-0.18399,39.491,60.02
1223,-0.18379,39.491,60.02
1224,-0.18359,39.491,60.02
1225,-0.1834,39.491,60.156
1226,-0.1832,39.491,60.297
1227,-0.18301,39.491,60.322
1228,-0.18281,39.491,60.322
1229,-0.18262,39.491,60.322
1230,-0.18242,39.491,60.372
1231,-0.18222,39.491,60.624
1232,-0.18203,39.491,60.624
1233,-0.18183,39.491,60.649
1234,-0.18164,39.491,60.624
1235,-0.18144,39.491,60.725
1236,-0.18125,39.491,60.926
1237,-0.18105,39.491,60.926
1238,-0.18086,39.491,60.926
1239,-0.18066,39.491,60.926
1240,-0.18046,39.491,60.952
1241,-0.18027,39.491,61.143
1242,-0.18008,39.491,61.229
1243,-0.17988,39.491,61.229
1244,-0.17969,39.49,61.241
1245,-0.17949,39.49,61.372
1246,-0.1793,39.49,61.536
1247,-0.1791,39.49,61.531
1248,-0.1789,39.49,61.531
1249,-0.17871,39.49,61.531
1250,-0.17851,39.49,61.556
1251,-0.17832,39.49,61.833
1252,-0.17812,39.49,61.833
1253,-0.17793,39.49,61.833
1254,-0.17773,39.49,61.833
1255,-0.17754,39.49,61.833
1256,-0.17734,39.49,61.833
1257,-0.17715,39.49,62.141
1258,-0.17695,39.49,62.136
1259,-0.17676,39.49,62.136
1260,-0.17656,39.49,62.11
1261,-0.17636,39.49,62.136
1262,-0.17617,39.49,62.287
1263,-0.17597,39.49,62.438
1264,-0.17578,39.49,62.438
1265,-0.17558,39.49,62.438
1266,-0.17539,39.49,62.589
1267,-0.17519,39.49,62.715
1268,-0.175,39.49,62.74
1269,-0.1748,39.49,62.74
1270,-0.17461,39.49,62.74
1271,-0.17441,39.49,62.881
1272,-0.17421,39.49,63.043
1273,-0.17402,39.49,63.043
1274,-0.17382,39.49,63.043
1275,-0.17363,39.49,63.043
1276,-0.17343,39.49,63.179
1277,-0.17324,39.49,63.345
1278,-0.17304,39.49,63.345
1279,-0.17285,39.49,63.345
1280,-0.17265,39.49,63.345
1281,-0.17246,39.49,63.471
1282,-0.17226,39.49,63.647
1283,-0.17206,39.49,63.647
1284,-0.17187,39.49,63.647
1285,-0.17167,39.49,63.647
1286,-0.17148,39.49,63.849
1287,-0.17128,39.49,63.949
1288,-0.17109,39.49,63.965
1289,-0.17089,39.49,63.949
1290,-0.1707,39.49,63.949
1291,-0.1705,39.49,64.075
1292,-0.17031,39.49,64.252
1293,-0.17011,39.49,64.252
1294,-0.16991,39.49,64.252
1295,-0.16972,39.49,64.252
1296,-0.16952,39.49,64.438
1297,-0.16933,39.49,64.554
1298,-0.16913,39.49,63.991
1299,-0.16894,39.49,64.453
1300,-0.16874,39.49,64.554
1301,-0.16855,39.49,64.781
1302,-0.16835,39.49,64.856
1303,-0.16816,39.49,64.856
1304,-0.16796,39.49,64.856
1305,-0.16776,39.49,64.856
1306,-0.16757,39.49,65.058
1307,-0.16737,39.49,65.159
1308,-0.16718,39.49,65.159
1309,-0.16698,39.49,65.159
1310,-0.16679,39.49,65.159
1311,-0.16659,39.49,65.209
1312,-0.1664,39.49,65.36
1313,-0.1662,39.49,65.461
1314,-0.166,39.49,65.461
1315,-0.16581,39.49,65.452
1316,-0.16561,39.49,65.637
1317,-0.16542,39.49,65.763
1318,-0.16522,39.49,65.763
1319,-0.16503,39.49,65.763
1320,-0.16483,39.49,65.763
1321,-0.16464,39.49,65.889
1322,-0.16444,39.49,66.065
1323,-0.16424,39.49,66.065
1324,-0.16405,39.49,66.065
1325,-0.16385,39.49,66.065
1326,-0.16366,39.49,66.065
1327,-0.16346,39.49,66.343
1328,-0.16327,39.49,66.343
1329,-0.16307,39.49,66.368
1330,-0.16288,39.49,66.368
1331,-0.16268,39.49,66.368
1332,-0.16249,39.49,66.368
1333,-0.16229,39.49,66.67
1334,-0.16209,39.49,66.67
1335,-0.1619,39.49,66.67
1336,-0.1617,39.49,66.569
1337,-0.16151,39.49,66.922
1338,-0.16131,39.49,66.972
1339,-0.16112,39.49,66.972
1340,-0.16092,39.49,66.972
1341,-0.16073,39.49,66.972
1342,-0.16053,39.49,66.972
1343,-0.16034,39.49,67.003
1344,-0.16014,39.49,67.275
1345,-0.15994,39.49,67.275
1346,-0.15975,39.49,67.275
1347,-0.15955,39.49,67.476
1348,-0.15936,39.49,67.577
1349,-0.15916,39.49,67.577
1350,-0.15897,39.49,67.577
1351,-0.15877,39.49,67.577
1352,-0.15858,39.49,67.577
1353,-0.15838,39.49,67.577
1354,-0.15818,39.49,67.703
1355,-0.15799,39.49,67.879
1356,-0.15779,39.49,67.879
1357,-0.1576,39.49,67.879
1358,-0.1574,39.49,67.904
1359,-0.15721,39.49,68.182
1360,-0.15701,39.49,68.182
1361,-0.15682,39.49,68.081
1362,-0.15662,39.49,68.081
1363,-0.15642,39.49,68.182
1364,-0.15623,39.49,68.182
1365,-0.15603,39.49,68.222
1366,-0.15584,39.49,68.475
1367,-0.15564,39.49,68.484
1368,-0.15545,39.49,68.484
1369,-0.15525,39.49,68.484
1370,-0.15506,39.49,68.484
1371,-0.15486,39.49,68.484
1372,-0.15466,39.49,68.484
1373,-0.15447,39.49,68.484
1374,-0.15427,39.49,68.736
1375,-0.15408,39.49,68.786
1376,-0.15388,39.49,68.786
1377,-0.15369,39.49,68.786
1378,-0.15349,39.49,68.837
1379,-0.1533,39.49,68.962
1380,-0.1531,39.49,69.088
1381,-0.15291,39.49,69.17
1382,-0.15271,39.49,69.22
1383,-0.15251,39.49,69.245
1384,-0.15232,39.49,69.245
1385,-0.15212,39.49,69.294
1386,-0.15193,39.49,69.382
1387,-0.15173,39.49,69.394
1388,-0.15154,39.49,69.394
1389,-0.15134,39.49,69.456
1390,-0.15115,39.49,69.469
1391,-0.15095,39.49,69.469
1392,-0.15076,39.49,69.469
1393,-0.15056,39.49,69.506
1394,-0.15037,39.49,69.544
1395,-0.15017,39.49,69.544
1396,-0.14998,39.49,69.581
1397,-0.14978,39.49,69.668
1398,-0.14958,39.49,69.693
1399,-0.14939,39.49,69.693
1400,-0.14919,39.489,69.693
1401,-0.149,39.489,69.706
1402,-0.1488,39.489,69.768
1403,-0.14861,39.489,69.806
1404,-0.14841,39.489,69.843
1405,-0.14822,39.489,69.843
1406,-0.14802,39.489,69.88
1407,-0.14783,39.489,69.968
1408,-0.14763,39.489,69.993
1409,-0.14743,39.489,70.055
1410,-0.14724,39.489,70.067
1411,-0.14704,39.489,70.067
1412,-0.14685,39.489,70.117
1413,-0.14665,39.489,70.142
1414,-0.14646,39.489,70.142
1415,-0.14626,39.489,70.192
1416,-0.14607,39.489,70.279
1417,-0.14587,39.489,70.292
1418,-0.14567,39.489,70.292
1419,-0.14548,39.489,70.292
1420,-0.14528,39.489,70.342
1421,-0.14509,39.489,70.367
1422,-0.14489,39.489,70.18
1423,-0.1447,39.489,70.417
1424,-0.1445,39.489,70.516
1425,-0.14431,39.489,70.554
1426,-0.14411,39.489,70.591
1427,-0.14391,39.489,70.629
1428,-0.14372,39.489,70.666
1429,-0.14352,39.489,70.703
1430,-0.14333,39.489,70.803
1431,-0.14313,39.489,70.816
1432,-0.14294,39.489,70.816
1433,-0.14274,39.489,70.865
1434,-0.14255,39.489,70.89
1435,-0.14235,39.489,70.89
1436,-0.14216,39.489,70.94
1437,-0.14196,39.489,70.965
1438,-0.14176,39.489,70.965
1439,-0.14157,39.489,71.003
1440,-0.14137,39.489,71.102
1441,-0.14118,39.489,71.115
1442,-0.14098,39.489,71.115
1443,-0.14079,39.489,71.165
1444,-0.14059,39.489,71.077
1445,-0.1404,39.489,71.077
1446,-0.1402,39.489,71.127
1447,-0.14001,39.489,71.19
1448,-0.13981,39.489,71.289
1449,-0.13962,39.489,71.364
1450,-0.13942,39.489,71.414
1451,-0.13922,39.489,71.476
1452,-0.13903,39.489,71.489
1453,-0.13883,39.489,71.489
1454,-0.13864,39.489,71.551
1455,-0.13844,39.489,71.564
1456,-0.13825,39.489,71.564
1457,-0.13805,39.489,71.564
1458,-0.13786,39.489,71.614
1459,-0.13766,39.489,71.701
1460,-0.13746,39.489,71.713
1461,-0.13727,39.489,71.713
1462,-0.13707,39.489,71.763
1463,-0.13688,39.489,71.788
1464,-0.13668,39.489,71.788
1465,-0.13649,39.489,71.788
1466,-0.13629,39.489,71.838
1467,-0.1361,39.489,71.863
1468,-0.1359,39.489,71.863
1469,-0.13571,39.489,71.9
1470,-0.13551,39.489,71.988
1471,-0.13531,39.489,72.013
1472,-0.13512,39.489,72.013
1473,-0.13493,39.489,72.062
1474,-0.13473,39.489,72.087
1475,-0.13453,39.489,72.087
1476,-0.13434,39.489,72.137
1477,-0.13414,39.489,72.162
1478,-0.13395,39.489,72.162
1479,-0.13375,39.489,72.2
1480,-0.13356,39.489,72.287
1481,-0.13336,39.489,72.312
1482,-0.13317,39.489,72.312
1483,-0.13297,39.489,72.362
1484,-0.13277,39.489,72.387
1485,-0.13258,39.489,72.387
1486,-0.13238,39.489,72.436
1487,-0.13219,39.489,72.461
1488,-0.13199,39.489,72.461
1489,-0.1318,39.489,72.461
1490,-0.1316,39.489,72.486
1491,-0.13141,39.489,72.586
1492,-0.13121,39.489,72.611
1493,-0.13101,39.489,72.611
1494,-0.13082,39.489,72.648
1495,-0.13062,39.489,72.686
1496,-0.13043,39.489,72.686
1497,-0.13023,39.489,72.723
1498,-0.13004,39.489,72.761
1499,-0.12984,39.489,72.761
1500,-0.12965,39.489,72.761
1501,-0.12945,39.489,72.773
1502,-0.12926,39.489,72.873
1503,-0.12906,39.489,72.91
1504,-0.12886,39.489,72.91
1505,-0.12867,39.489,72.935
1506,-0.12847,39.489,72.985
1507,-0.12828,39.489,72.985
1508,-0.12808,39.489,73.01
1509,-0.12789,39.489,73.06
1510,-0.12769,39.489,73.06
1511,-0.1275,39.489,73.06
1512,-0.1273,39.489,73.072
1513,-0.12711,39.489,73.135
1514,-0.12691,39.489,73.209
1515,-0.12671,39.489,73.209
1516,-0.12652,39.489,73.222
1517,-0.12632,39.489,73.284
1518,-0.12613,39.489,73.284
1519,-0.12593,39.489,73.297
1520,-0.12574,39.489,73.359
1521,-0.12554,39.489,73.359
1522,-0.12535,39.489,73.372
1523,-0.12515,39.489,73.459
1524,-0.12496,39.489,73.509
1525,-0.12476,39.489,73.509
1526,-0.12456,39.489,73.521
1527,-0.12437,39.489,73.584
1528,-0.12417,39.489,73.608
1529,-0.12398,39.489,73.658
1530,-0.12378,39.489,73.658
1531,-0.12359,39.489,73.671
1532,-0.12339,39.489,73.771
1533,-0.1232,39.489,73.808
1534,-0.123,39.489,73.808
1535,-0.12281,39.489,73.808
1536,-0.12261,39.489,73.82
1537,-0.12242,39.489,73.883
1538,-0.12222,39.489,73.883
1539,-0.12203,39.489,73.895
1540,-0.12183,39.489,73.958
1541,-0.12163,39.489,73.958
1542,-0.12144,39.489,73.97
1543,-0.12124,39.489,74.057
1544,-0.12105,39.489,74.107
1545,-0.12085,39.489,74.132
1546,-0.12066,39.489,74.182
1547,-0.12046,39.489,74.182
1548,-0.12027,39.489,74.182
1549,-0.12007,39.489,74.195
1550,-0.11988,39.489,74.257
1551,-0.11968,39.489,74.257
1552,-0.11949,39.488,74.257
1553,-0.11929,39.488,74.257
1554,-0.1191,39.488,74.344
1555,-0.1189,39.488,74.406
1556,-0.11871,39.488,74.406
1557,-0.11851,39.488,74.419
1558,-0.11832,39.488,74.481
1559,-0.11812,39.488,74.481
1560,-0.11793,39.488,74.481
1561,-0.11773,39.488,74.481
1562,-0.11753,39.488,74.556
1563,-0.11734,39.488,74.556
1564,-0.11714,39.488,74.556
1565,-0.11695,39.488,74.618
1566,-0.11675,39.488,74.631
1567,-0.11656,39.488,74.693
1568,-0.11636,39.488,74.706
1569,-0.11617,39.488,74.781
1570,-0.11597,39.488,74.781
1571,-0.11578,39.488,74.781
1572,-0.11558,39.488,74.855
1573,-0.11539,39.488,74.855
1574,-0.11519,39.488,74.855
1575,-0.115,39.488,74.855
1576,-0.1148,39.488,74.905
1577,-0.11461,39.488,75.005
1578,-0.11441,39.488,75.005
1579,-0.11421,39.488,75.005
1580,-0.11402,39.488,75.005
1581,-0.11382,39.488,75.005
1582,-0.11363,39.488,75.055
1583,-0.11343,39.488,75.08
1584,-0.11324,39.488,75.08
1585,-0.11304,39.488,75.08
1586,-0.11285,39.488,75.117
1587,-0.11265,39.488,75.155
1588,-0.11246,39.488,75.155
1589,-0.11226,39.488,75.18
1590,-0.11207,39.488,75.279
1591,-0.11187,39.488,75.304
1592,-0.11168,39.488,75.304
1593,-0.11148,39.488,75.342
1594,-0.11129,39.488,75.379
1595,-0.11109,39.488,75.379
1596,-0.11089,39.488,75.416
1597,-0.1107,39.488,75.454
1598,-0.1105,39.488,75.454
1599,-0.11031,39.488,75.454
1600,-0.11011,39.488,75.479
1601,-0.10992,39.488,75.566
1602,-0.10972,39.488,75.603
1603,-0.10953,39.488,75.603
1604,-0.10933,39.488,75.603
1605,-0.10914,39.488,75.603
1606,-0.10894,39.488,75.616
1607,-0.10875,39.488,75.678
1608,-0.10855,39.488,75.678
1609,-0.10836,39.488,75.691
1610,-0.10816,39.488,75.753
1611,-0.10797,39.488,75.753
1612,-0.10777,39.488,75.753
1613,-0.10758,39.488,75.84
1614,-0.10738,39.488,75.903
1615,-0.10718,39.488,75.903
1616,-0.10699,39.488,75.915
1617,-0.10679,39.488,75.977
1618,-0.1066,39.488,75.977
1619,-0.1064,39.488,75.977
1620,-0.10621,39.488,75.977
1621,-0.10601,39.488,75.977
1622,-0.10582,39.488,75.977
1623,-0.10562,39.488,76.04
1624,-0.10543,39.488,76.052
1625,-0.10523,39.488,76.052
1626,-0.10504,39.488,76.052
1627,-0.10484,39.488,76.102
1628,-0.10465,39.488,76.189
1629,-0.10445,39.488,76.202
1630,-0.10425,39.488,76.202
1631,-0.10406,39.488,76.252
1632,-0.10386,39.488,76.277
1633,-0.10367,39.488,76.277
1634,-0.10347,39.488,76.277
1635,-0.10328,39.488,76.314
1636,-0.10308,39.488,76.314
1637,-0.10289,39.488,76.09
1638,-0.10269,39.488,76.289
1639,-0.1025,39.488,76.439
1640,-0.1023,39.488,76.501
1641,-0.10211,39.488,76.501
1642,-0.10191,39.488,76.501
1643,-0.10172,39.488,76.501
1644,-0.10152,39.488,76.576
1645,-0.10133,39.488,76.576
1646,-0.10113,39.488,76.576
1647,-0.10094,39.488,76.576
1648,-0.10074,39.488,76.576
1649,-0.10055,39.488,76.638
1650,-0.10035,39.488,76.651
1651,-0.10015,39.488,76.651
1652,-0.099959,39.488,76.651
1653,-0.099763,39.488,76.688
1654,-0.099568,39.488,76.788
1655,-0.099373,39.488,76.8
1656,-0.099178,39.488,76.8
1657,-0.098982,39.488,76.8
1658,-0.098787,39.488,76.838
1659,-0.098592,39.488,76.875
1660,-0.098397,39.488,76.875
1661,-0.098202,39.488,76.913
1662,-0.098006,39.487,76.95
1663,-0.097811,39.487,76.95
1664,-0.097616,39.487,76.95
1665,-0.097421,39.487,76.975
1666,-0.097225,39.487,77.062
1667,-0.09703,39.487,77.1
1668,-0.096835,39.487,77.1
1669,-0.096639,39.487,77.137
1670,-0.096444,39.487,77.174
1671,-0.096248,39.487,77.174
1672,-0.096053,39.487,77.174
1673,-0.095858,39.487,77.174
1674,-0.095663,39.487,77.174
1675,-0.095468,39.487,77.174
1676,-0.095272,39.487,77.249
1677,-0.095077,39.487,77.249
1678,-0.094882,39.487,77.249
1679,-0.094686,39.487,77.249
1680,-0.094491,39.487,77.324
1681,-0.094295,39.487,77.399
1682,-0.0941,39.487,77.399
1683,-0.093906,39.487,77.399
1684,-0.09371,39.487,77.399
1685,-0.093515,39.487,77.461
1686,-0.09332,39.487,77.474
1687,-0.093125,39.487,77.474
1688,-0.09293,39.487,77.474
1689,-0.092735,39.487,77.474
1690,-0.09254,39.487,77.474
1691,-0.092344,39.487,77.511
1692,-0.09215,39.487,77.549
1693,-0.091955,39.487,77.549
1694,-0.091759,39.487,77.549
1695,-0.091564,39.487,77.573
1696,-0.091368,39.487,77.661
1697,-0.091173,39.487,77.698
1698,-0.090978,39.487,77.698
1699,-0.090782,39.487,77.698
1700,-0.090587,39.487,77.723
1701,-0.090392,39.487,77.773
1702,-0.090197,39.487,77.773
1703,-0.090001,39.487,77.773
1704,-0.089806,39.487,77.785
1705,-0.089611,39.487,77.848
1706,-0.089416,39.487,77.848
1707,-0.08922,39.487,77.848
1708,-0.089025,39.487,77.848
1709,-0.08883,39.487,77.935
1710,-0.088635,39.487,77.997
1711,-0.08844,39.487,77.997
1712,-0.088245,39.487,77.997
1713,-0.088049,39.487,77.997
1714,-0.087854,39.487,77.997
1715,-0.087659,39.487,78.06
1716,-0.087463,39.487,78.072
1717,-0.087268,39.487,78.072
1718,-0.087073,39.487,78.072
1719,-0.086877,39.487,78.122
1720,-0.086682,39.487,78.147
1721,-0.086487,39.487,78.147
1722,-0.086292,39.487,78.147
1723,-0.086096,39.487,78.184
1724,-0.085901,39.487,78.272
1725,-0.085706,39.487,78.297
1726,-0.08551,39.487,78.297
1727,-0.085315,39.487,78.297
1728,-0.08512,39.487,78.334
1729,-0.084925,39.487,78.371
1730,-0.084729,39.487,78.371
1731,-0.084534,39.487,78.409
1732,-0.084339,39.487,78.446
1733,-0.084144,39.487,78.446
1734,-0.083948,39.487,78.446
1735,-0.083753,39.487,78.471
1736,-0.083558,39.487,78.546
1737,-0.083363,39.487,78.459
1738,-0.083167,39.487,78.446
1739,-0.082972,39.487,78.446
1740,-0.082777,39.487,78.509
1741,-0.082582,39.487,78.596
1742,-0.082387,39.487,78.596
1743,-0.082191,39.487,78.596
1744,-0.081996,39.487,78.608
1745,-0.081801,39.487,78.671
1746,-0.081606,39.487,78.671
1747,-0.08141,39.487,78.671
1748,-0.081215,39.487,78.671
1749,-0.08102,39.487,78.733
1750,-0.080825,39.487,78.745
1751,-0.080629,39.487,78.745
1752,-0.080434,39.487,78.745
1753,-0.080238,39.487,78.745
1754,-0.080043,39.487,78.808
1755,-0.079848,39.487,78.82
1756,-0.079652,39.487,78.82
1757,-0.079457,39.487,78.82
1758,-0.079262,39.487,78.82
1759,-0.079066,39.487,78.82
1760,-0.078871,39.487,78.82
1761,-0.078676,39.487,78.87
1762,-0.078481,39.487,78.933
1763,-0.078286,39.487,79.032
1764,-0.078091,39.487,79.045
1765,-0.077896,39.487,79.12
1766,-0.077702,39.486,79.182
1767,-0.077508,39.486,79.269
1768,-0.077312,39.486,79.269
1769,-0.077117,39.486,79.319
1770,-0.076921,39.486,79.344
1771,-0.076726,39.486,79.344
1772,-0.07653,39.486,79.344
1773,-0.076335,39.486,79.381
1774,-0.076139,39.486,79.469
1775,-0.075944,39.486,79.494
1776,-0.07575,39.486,79.494
1777,-0.075555,39.486,79.494
1778,-0.075362,39.486,79.531
1779,-0.075167,39.486,79.568
1780,-0.074973,39.486,79.568
1781,-0.074785,39.486,79.568
1782,-0.07459,39.486,79.593
1783,-0.074396,39.486,79.643
1784,-0.0742,39.486,79.643
1785,-0.074007,39.486,79.643
1786,-0.073816,39.486,79.656
1787,-0.07362,39.486,79.718
1788,-0.073427,39.486,79.718
1789,-0.073232,39.486,79.718
1790,-0.073036,39.486,79.718
1791,-0.072841,39.486,79.668
1792,-0.072645,39.486,79.755
1793,-0.07245,39.486,79.793
1794,-0.072256,39.486,79.83
1795,-0.072061,39.486,79.868
1796,-0.071865,39.486,79.868
1797,-0.07167,39.486,79.88
1798,-0.071475,39.486,79.992
1799,-0.07128,39.486,80.017
1800,-0.071086,39.486,80.017
1801,-0.070891,39.486,80.017
1802,-0.070695,39.486,80.03
1803,-0.0705,39.486,80.092
1804,-0.070305,39.486,80.092
1805,-0.07011,39.486,80.117
1806,-0.069916,39.486,80.167
1807,-0.069721,39.486,80.167
1808,-0.069526,39.486,80.167
1809,-0.06933,39.486,80.167
1810,-0.069135,39.486,80.267
1811,-0.06894,39.486,80.317
1812,-0.068745,39.486,80.317
1813,-0.068549,39.486,80.317
1814,-0.068354,39.486,80.391
1815,-0.068158,39.486,80.391
1816,-0.067964,39.486,80.416
1817,-0.067768,39.486,80.466
1818,-0.067573,39.486,80.466
1819,-0.067378,39.486,80.466
1820,-0.067183,39.486,80.466
1821,-0.066988,39.486,80.466
1822,-0.066793,39.486,80.528
1823,-0.066598,39.486,80.616
1824,-0.066403,39.486,80.616
1825,-0.066207,39.486,80.616
1826,-0.066012,39.486,80.616
1827,-0.065817,39.486,80.666
1828,-0.065622,39.486,80.691
1829,-0.065426,39.486,80.691
1830,-0.065231,39.486,80.691
1831,-0.065036,39.486,80.753
1832,-0.06484,39.486,80.765
1833,-0.064645,39.486,80.765
1834,-0.06445,39.486,80.765
1835,-0.064255,39.486,80.716
1836,-0.06406,39.486,80.691
1837,-0.063864,39.486,80.691
1838,-0.063668,39.486,80.691
1839,-0.063473,39.486,80.691
1840,-0.063278,39.486,80.765
1841,-0.063082,39.486,80.853
1842,-0.062887,39.486,80.927
1843,-0.062692,39.486,81.04
1844,-0.062496,39.486,81.027
1845,-0.062301,39.486,80.94
1846,-0.062105,39.486,80.915
1847,-0.06191,39.486,81.102
1848,-0.061715,39.486,81.214
1849,-0.061519,39.486,81.227
1850,-0.061325,39.486,81.289
1851,-0.061129,39.486,81.289
1852,-0.060935,39.486,81.314
1853,-0.060739,39.486,81.364
1854,-0.060544,39.486,81.364
1855,-0.060349,39.486,81.364
1856,-0.060153,39.486,81.476
1857,-0.059958,39.486,81.513
1858,-0.059762,39.486,81.513
1859,-0.059568,39.486,81.513
1860,-0.059373,39.486,81.513
1861,-0.059178,39.486,81.513
1862,-0.058982,39.486,81.576
1863,-0.058787,39.486,81.588
1864,-0.058591,39.486,81.588
1865,-0.058396,39.486,81.588
1866,-0.0582,39.486,81.663
1867,-0.058005,39.486,81.663
1868,-0.05781,39.486,81.663
1869,-0.057615,39.486,81.663
1870,-0.05742,39.486,81.701
1871,-0.057225,39.486,81.813
1872,-0.057029,39.486,81.813
1873,-0.056834,39.486,81.813
1874,-0.056639,39.486,81.813
1875,-0.056443,39.486,81.85
1876,-0.056248,39.486,81.888
1877,-0.056053,39.486,81.888
1878,-0.055857,39.486,81.888
1879,-0.055662,39.486,81.888
1880,-0.055467,39.486,81.888
1881,-0.055271,39.486,81.925
1882,-0.055076,39.486,81.987
1883,-0.054881,39.486,82.1
1884,-0.054686,39.485,82.112
1885,-0.054491,39.485,82.149
1886,-0.054296,39.485,82.187
1887,-0.054101,39.485,82.187
1888,-0.053905,39.485,82.249
1889,-0.05371,39.485,82.262
1890,-0.053515,39.485,82.262
1891,-0.05332,39.485,82.262
1892,-0.053125,39.485,82.287
1893,-0.052929,39.485,82.399
1894,-0.052734,39.485,82.411
1895,-0.052539,39.485,82.411
1896,-0.052343,39.485,82.449
1897,-0.052148,39.485,82.486
1898,-0.051953,39.485,82.486
1899,-0.051757,39.485,82.486
1900,-0.051562,39.485,82.486
1901,-0.051367,39.485,82.486
1902,-0.051171,39.485,82.486
1903,-0.050976,39.485,82.486
1904,-0.050781,39.485,82.486
1905,-0.050585,39.485,82.424
1906,-0.05039,39.485,82.411
1907,-0.050195,39.485,82.411
1908,-0.05,39.485,82.411
1909,-0.049804,39.485,82.424
1910,-0.049609,39.485,82.486
1911,-0.049414,39.485,82.511
1912,-0.049218,39.485,82.586
1913,-0.049023,39.485,82.76
1914,-0.048828,39.485,82.873
1915,-0.048633,39.485,82.972
1916,-0.048437,39.485,83.01
1917,-0.048242,39.485,83.035
1918,-0.048046,39.485,83.134
1919,-0.047851,39.485,83.159
1920,-0.047656,39.485,83.197
1921,-0.047461,39.485,83.309
1922,-0.047265,39.485,83.309
1923,-0.04707,39.485,83.309
1924,-0.046875,39.485,83.359
1925,-0.04668,39.485,83.384
1926,-0.046484,39.485,83.459
1927,-0.046289,39.485,83.459
1928,-0.046094,39.485,83.521
1929,-0.045899,39.485,83.608
1930,-0.045703,39.485,83.608
1931,-0.045508,39.485,83.683
1932,-0.045313,39.485,83.683
1933,-0.045118,39.485,83.695
1934,-0.044923,39.485,83.758
1935,-0.044728,39.485,83.758
1936,-0.044532,39.485,83.858
1937,-0.044337,39.485,83.907
1938,-0.044141,39.485,83.92
1939,-0.043946,39.485,84.032
1940,-0.043751,39.485,84.107
1941,-0.043555,39.485,84.281
1942,-0.04336,39.485,84.469
1943,-0.043165,39.485,84.718
1944,-0.04297,39.485,84.98
1945,-0.042774,39.485,86.389
1946,-0.042579,39.485,86.439
1947,-0.042383,39.485,86.463
1948,-0.042188,39.485,86.526
1949,-0.041993,39.485,86.526
1950,-0.041798,39.485,86.526
1951,-0.041602,39.485,86.526
1952,-0.041407,39.485,86.526
1953,-0.041212,39.485,86.526
1954,-0.041017,39.485,86.463
1955,-0.040822,39.485,86.451
1956,-0.040627,39.485,86.451
1957,-0.040431,39.485,86.389
1958,-0.040236,39.485,86.376
1959,-0.040041,39.485,86.376
1960,-0.039846,39.485,86.376
1961,-0.039651,39.485,86.376
1962,-0.039455,39.485,86.376
1963,-0.03926,39.485,86.376
1964,-0.039066,39.485,86.376
1965,-0.038871,39.485,86.376
1966,-0.038675,39.485,86.376
1967,-0.03848,39.485,86.376
1968,-0.038285,39.485,86.376
1969,-0.03809,39.485,86.376
1970,-0.037895,39.485,86.401
1971,-0.037699,39.485,86.451
1972,-0.037504,39.485,86.451
1973,-0.037308,39.485,86.451
1974,-0.037113,39.485,86.463
1975,-0.036917,39.485,86.526
1976,-0.036722,39.485,86.526
1977,-0.036527,39.485,86.526
1978,-0.036331,39.485,86.626
1979,-0.036136,39.485,86.675
1980,-0.035941,39.485,86.675
1981,-0.035746,39.485,86.688
1982,-0.03555,39.485,86.75
1983,-0.035355,39.485,86.75
1984,-0.035159,39.485,86.763
1985,-0.034964,39.485,86.825
1986,-0.034768,39.485,86.838
1987,-0.034572,39.485,86.925
1988,-0.034377,39.485,86.975
1989,-0.034182,39.485,86.975
1990,-0.033986,39.485,87
1991,-0.033791,39.485,87.049
1992,-0.033595,39.485,87.049
1993,-0.0334,39.485,87.074
1994,-0.033204,39.485,87.124
1995,-0.033009,39.485,87.124
1996,-0.032814,39.485,87.137
1997,-0.032618,39.485,87.224
1998,-0.032423,39.484,87.274
1999,-0.032228,39.484,87.299
2000,-0.032033,39.484,87.349
2001,-0.031837,39.484,87.386
2002,-0.031641,39.484,87.424
2003,-0.031446,39.484,87.461
2004,-0.031251,39.484,87.548
2005,-0.031056,39.484,87.573
2006,-0.030861,39.484,87.623
2007,-0.030665,39.484,87.648
2008,-0.03047,39.484,87.71
2009,-0.030275,39.484,87.723
2010,-0.030079,39.484,87.785
2011,-0.029884,39.484,87.872
2012,-0.029689,39.484,87.872
2013,-0.029493,39.484,87.947
2014,-0.029298,39.484,87.947
2015,-0.029102,39.484,87.947
2016,-0.028907,39.484,88.022
2017,-0.028712,39.484,88.022
2018,-0.028517,39.484,88.022
2019,-0.028321,39.484,88.022
2020,-0.028126,39.484,88.084
2021,-0.02793,39.484,88.172
2022,-0.027735,39.484,88.172
2023,-0.02754,39.484,88.172
2024,-0.027345,39.484,88.234
2025,-0.027149,39.484,88.246
2026,-0.026954,39.484,88.321
2027,-0.02676,39.484,88.321
2028,-0.026564,39.484,88.321
2029,-0.026369,39.484,88.409
2030,-0.026174,39.484,88.471
2031,-0.025979,39.484,88.483
2032,-0.025784,39.484,88.546
2033,-0.025588,39.484,88.558
2034,-0.025393,39.484,88.621
2035,-0.025198,39.484,88.621
2036,-0.025003,39.484,88.633
2037,-0.024807,39.484,88.72
2038,-0.024612,39.484,88.77
2039,-0.024416,39.484,88.795
2040,-0.024221,39.484,88.845
2041,-0.024026,39.484,88.845
2042,-0.023831,39.484,88.87
2043,-0.023636,39.484,88.92
2044,-0.023441,39.484,88.92
2045,-0.023246,39.484,88.92
2046,-0.02305,39.484,88.92
2047,-0.022855,39.484,88.92
2048,-0.02266,39.484,89.007
2049,-0.022465,39.484,89.069
2050,-0.022269,39.484,89.069
2051,-0.022074,39.484,89.069
2052,-0.021879,39.484,89.069
2053,-0.021683,39.484,89.144
2054,-0.021488,39.484,89.157
2055,-0.021293,39.484,89.231
2056,-0.021097,39.484,89.294
2057,-0.020902,39.484,89.281
2058,-0.020707,39.484,89.369
2059,-0.020511,39.484,89.369
2060,-0.020316,39.484,89.394
2061,-0.020121,39.484,89.443
2062,-0.019926,39.484,89.443
2063,-0.019731,39.484,89.456
2064,-0.019536,39.484,89.543
2065,-0.019341,39.484,89.593
2066,-0.019145,39.484,89.593
2067,-0.01895,39.484,89.618
2068,-0.018756,39.484,89.668
2069,-0.018561,39.484,89.693
2070,-0.018365,39.484,89.743
2071,-0.01817,39.484,89.78
2072,-0.017975,39.484,89.855
2073,-0.017779,39.484,89.892
2074,-0.017584,39.484,89.892
2075,-0.017389,39.484,89.93
2076,-0.017194,39.484,89.967
2077,-0.016999,39.484,89.967
2078,-0.016803,39.484,90.004
2079,-0.016608,39.484,90.042
2080,-0.016413,39.484,90.042
2081,-0.016217,39.484,90.042
2082,-0.016022,39.484,90.067
2083,-0.015826,39.484,90.154
2084,-0.015632,39.484,90.192
2085,-0.015436,39.484,90.192
2086,-0.015241,39.484,90.192
2087,-0.015046,39.484,90.216
2088,-0.014851,39.484,90.266
2089,-0.014656,39.484,90.266
2090,-0.014461,39.484,90.266
2091,-0.014265,39.484,90.279
2092,-0.01407,39.484,90.341
2093,-0.013874,39.484,90.341
2094,-0.013679,39.484,90.341
2095,-0.013484,39.484,90.341
2096,-0.013288,39.484,90.341
2097,-0.013094,39.484,90.403
2098,-0.012899,39.484,90.491
2099,-0.012703,39.484,90.491
2100,-0.012508,39.484,90.491
2101,-0.012313,39.484,90.491
2102,-0.012118,39.484,90.491
2103,-0.011922,39.484,90.491
2104,-0.011727,39.484,90.491
2105,-0.011531,39.484,90.491
2106,-0.011336,39.484,90.491
2107,-0.011141,39.484,90.491
2108,-0.010946,39.483,90.503
2109,-0.010751,39.483,90.566
2110,-0.010555,39.483,90.578
2111,-0.01036,39.483,90.64
2112,-0.010165,39.483,90.64
2113,-0.0099693,39.483,90.653
2114,-0.0097748,39.483,90.74
2115,-0.0095798,39.483,90.79
2116,-0.0093849,39.483,90.827
2117,-0.0091898,39.483,90.865
2118,-0.0089944,39.483,90.902
2119,-0.0087994,39.483,90.94
2120,-0.0086047,39.483,90.94
2121,-0.0084093,39.483,90.94
2122,-0.008214,39.483,90.965
2123,-0.0080188,39.483,91.052
2124,-0.0078237,39.483,91.089
2125,-0.0076282,39.483,91.127
2126,-0.0074326,39.483,91.164
2127,-0.0072374,39.483,91.164
2128,-0.0070426,39.483,91.201
2129,-0.006847,39.483,91.239
2130,-0.0066515,39.483,91.276
2131,-0.0064567,39.483,91.364
2132,-0.006262,39.483,91.388
2133,-0.0060675,39.483,91.438
2134,-0.0058721,39.483,91.463
2135,-0.0056769,39.483,91.463
2136,-0.0054818,39.483,91.513
2137,-0.0052874,39.483,91.538
2138,-0.0050918,39.483,91.538
2139,-0.0048964,39.483,91.588
2140,-0.0047008,39.483,91.663
2141,-0.0045067,39.483,91.688
2142,-0.0043114,39.483,91.688
2143,-0.004118,39.483,91.738
2144,-0.0039233,39.483,91.825
2145,-0.0037278,39.483,91.925
2146,-0.0035324,39.483,92.012
2147,-0.0033377,39.483,92.099
2148,-0.0031436,39.483,92.186
2149,-0.002948,39.483,92.274
2150,-0.0027546,39.483,92.361
2151,-0.0025603,39.483,92.361
2152,-0.0023701,39.483,92.461
2153,-0.0021773,39.483,92.536
2154,-0.0019879,39.483,92.635
2155,-0.0017954,39.483,92.66
2156,-0.0016017,39.483,92.71
2157,-0.0014191,39.483,92.735
2158,-0.0012254,39.483,92.735
2159,-0.0010322,39.483,92.785
2160,-0.00084075,39.483,92.86
2161,-0.00065514,39.483,92.885
2162,-0.00046663,39.483,92.947
2163,-0.00027517,39.483,92.86
2164,-8.58E-05,39.483,92.935
2165,0.00010198,39.483,93.034
2166,0.00029071,39.483,93.034
2167,0.00047884,39.482,93.034
2168,0.00066697,39.482,93.034
2169,0.00085511,39.482,93.034
2170,0.0010432,39.482,93.034
2171,0.0012314,39.482,93.047
2172,0.0014194,39.482,93.122
2173,0.0016084,39.482,93.184
2174,0.0017945,39.482,93.184
2175,0.0019827,39.482,93.196
2176,0.0021707,39.482,93.259
2177,0.0023583,39.482,93.259
2178,0.0025445,39.482,93.271
2179,0.0027328,39.482,93.334
2180,0.0029208,39.482,93.346
2181,0.0031072,39.482,93.433
2182,0.0032953,39.482,93.483
2183,0.0034841,39.482,93.521
2184,0.0036714,39.482,93.595
2185,0.0038595,39.482,93.695
2186,0.0040456,39.482,93.77
2187,0.0042317,39.482,93.782
2188,0.0044196,39.482,93.857
2189,0.004609,39.482,93.857
2190,0.004796,39.482,93.932
2191,0.0049842,39.481,93.945
2192,0.0051721,39.481,94.019
2193,0.0053598,39.481,94.082
2194,0.0055483,39.481,94.107
2195,0.0057366,39.481,94.194
2196,0.0059243,39.481,94.281
2197,0.006112,39.481,94.368
2198,0.0063012,39.481,94.468
2199,0.0064885,39.481,94.555
2200,0.0066772,39.481,94.643
2201,0.0068656,39.481,94.68
2202,0.0070526,39.481,94.68
2203,0.0072401,39.481,94.68
2204,0.0074264,39.481,94.68
2205,0.0076129,39.481,94.68
2206,0.0077997,39.481,94.68
2207,0.0079861,39.481,94.755
2208,0.0081733,39.481,94.755
2209,0.0083606,39.481,94.855
2210,0.0085492,39.481,94.942
2211,0.0087363,39.481,94.979
2212,0.0089216,39.481,95.017
2213,0.0091106,39.481,95.054
2214,0.0092984,39.48,95.054
2215,0.0094862,39.48,95.092
2216,0.0096736,39.48,95.129
2217,0.0098634,39.48,95.166
2218,0.010051,39.48,95.254
2219,0.010237,39.48,95.341
2220,0.010423,39.48,95.353
2221,0.01061,39.48,95.416
2222,0.010797,39.48,95.428
2223,0.010985,39.48,95.428
2224,0.011171,39.48,95.428
2225,0.011358,39.48,95.428
2226,0.011545,39.48,95.428
2227,0.011733,39.48,95.428
2228,0.011919,39.48,95.453
2229,0.012107,39.48,95.54
2230,0.012295,39.48,95.578
2231,0.012483,39.48,95.628
2232,0.012669,39.48,95.703
2233,0.012857,39.48,95.728
2234,0.013044,39.48,95.79
2235,0.013231,39.48,95.877
2236,0.013421,39.48,95.877
2237,0.01361,39.479,95.952
2238,0.013796,39.479,95.952
2239,0.013985,39.479,96.027
2240,0.014172,39.479,96.039
2241,0.014359,39.479,96.127
2242,0.014546,39.479,96.214
2243,0.014734,39.479,96.301
2244,0.014922,39.479,96.326
2245,0.015109,39.479,96.376
2246,0.015298,39.479,96.463
2247,0.015486,39.479,96.476
2248,0.015673,39.479,96.55
2249,0.015861,39.479,96.55
2250,0.016049,39.479,96.638
2251,0.016237,39.479,96.725
2252,0.016425,39.479,96.775
2253,0.016615,39.479,96.8
2254,0.016804,39.479,96.85
2255,0.016994,39.479,96.875
2256,0.017181,39.479,96.974
2257,0.017369,39.479,97.049
2258,0.017558,39.479,97.074
2259,0.017746,39.479,97.136
2260,0.017935,39.479,97.4
2261,0.018122,39.478,97.379
2262,0.01831,39.478,97.265
2263,0.018499,39.478,97.69
2264,0.018688,39.478,97.72
2265,0.018876,39.478,97.493
2266,0.019064,39.478,97.063
2267,0.019253,39.478,97.189
2268,0.019441,39.478,97.569
2269,0.019629,39.478,97.569
2270,0.019817,39.478,97.594
2271,0.020005,39.478,97.847
2272,0.020193,39.478,97.872
2273,0.020381,39.478,97.872
2274,0.020569,39.478,98.074
2275,0.020758,39.478,98.176
2276,0.020945,39.478,98.201
2277,0.021134,39.478,98.58
2278,0.021322,39.478,99.048
2279,0.021508,39.478,99.314
2280,0.021696,39.478,99.086
2281,0.021882,39.478,99.511
2282,0.02207,39.478,99.569
2283,0.022258,39.478,99.086
2284,0.022445,39.478,99.086
2285,0.022634,39.477,99.263
2286,0.022822,39.477,99.39
2287,0.023011,39.477,99.465
2288,0.023201,39.477,99.567
2289,0.023389,39.477,99.693
2290,0.023577,39.477,99.718
2291,0.023764,39.477,99.895
2292,0.02395,39.477,99.997
2293,0.024137,39.477,100.05
2294,0.024325,39.477,100.15
2295,0.024512,39.477,100.25
2296,0.024701,39.477,100.4
2297,0.024888,39.477,100.45
2298,0.025077,39.477,100.53
2299,0.025265,39.477,100.65
2300,0.025452,39.477,100.76
2301,0.02564,39.477,100.88
2302,0.025828,39.477,100.91
2303,0.026015,39.477,101.08
2304,0.026202,39.477,101.74
2305,0.026391,39.477,101.67
2306,0.026578,39.477,102.04
2307,0.026765,39.477,101.93
2308,0.026951,39.477,102.08
2309,0.027137,39.476,102.33
2310,0.027324,39.476,102.23
2311,0.027512,39.476,102.12
2312,0.027701,39.476,102.63
2313,0.02789,39.476,102.42
2314,0.028077,39.476,102.91
2315,0.028264,39.476,102.84
2316,0.02845,39.476,102.73
2317,0.028638,39.476,103.26
2318,0.028825,39.476,103.1
2319,0.029012,39.476,103.03
2320,0.0292,39.476,103.45
2321,0.029387,39.476,103.33
2322,0.029575,39.476,103.33
2323,0.02976,39.476,103.76
2324,0.029947,39.476,103.7
2325,0.030134,39.476,103.64
2326,0.030321,39.476,103.64
2327,0.030508,39.476,103.64
2328,0.030695,39.476,103.99
2329,0.030883,39.476,104.12
2330,0.03107,39.476,103.94
2331,0.031257,39.476,103.94
2332,0.031444,39.475,103.94
2333,0.031632,39.475,104.47
2334,0.03182,39.475,104.43
2335,0.032008,39.475,104.25
2336,0.032196,39.475,104.67
2337,0.03239,39.475,104.7
2338,0.032577,39.475,104.55
2339,0.032765,39.475,105.08
2340,0.032951,39.475,104.92
2341,0.033139,39.475,105
2342,0.033327,39.475,105.38
2343,0.033515,39.475,105.16
2344,0.033702,39.475,105.51
2345,0.033889,39.475,105.67
2346,0.034077,39.475,105.46
2347,0.034266,39.475,105.61
2348,0.034455,39.475,105.91
2349,0.034644,39.475,105.76
2350,0.034832,39.475,105.76
2351,0.035022,39.475,106.03
2352,0.035209,39.475,106.29
2353,0.035397,39.475,106.07
2354,0.035587,39.475,106.07
2355,0.035773,39.475,106.33
2356,0.035962,39.474,106.58
2357,0.036151,39.474,106.37
2358,0.036338,39.474,106.52
2359,0.036525,39.474,106.9
2360,0.036715,39.474,106.74
2361,0.036903,39.474,106.67
2362,0.037093,39.474,107.16
2363,0.037283,39.474,107.09
2364,0.037473,39.474,106.98
2365,0.037659,39.474,107.33
2366,0.037852,39.474,107.51
2367,0.038044,39.474,107.39
2368,0.03824,39.474,107.28
2369,0.038435,39.474,107.63
2370,0.038626,39.474,107.77
2371,0.038822,39.474,107.58
2372,0.039017,39.474,107.13
2373,0.039212,39.474,107.51
2374,0.039407,39.474,108.49
2375,0.039602,39.474,107.89
2376,0.039798,39.474,108.04
2377,0.039994,39.474,108.34
2378,0.040189,39.474,108.19
2379,0.040385,39.474,108.46
2380,0.04058,39.474,108.7
2381,0.040776,39.474,108.49
2382,0.040971,39.474,108.76
2383,0.041167,39.474,109.02
2384,0.041363,39.474,108.86
2385,0.041558,39.474,109.15
2386,0.041754,39.474,109.21
2387,0.041949,39.474,109.1
2388,0.042145,39.474,109.58
2389,0.04234,39.474,109.59
2390,0.042535,39.474,109.4
2391,0.042731,39.474,109.4
2392,0.042926,39.474,109.89
2393,0.043122,39.474,109.86
2394,0.043318,39.474,109.86
2395,0.043513,39.474,110.19
2396,0.043708,39.474,110.01
2397,0.043904,39.474,110.16
2398,0.0441,39.474,110.54
2399,0.044295,39.474,110.5
2400,0.044491,39.474,110.31
2401,0.044686,39.474,110.58
2402,0.044882,39.474,110.85
2403,0.045077,39.474,110.83
2404,0.045273,39.474,110.97
2405,0.045468,39.474,111.15
2406,0.045664,39.474,111.07
2407,0.045859,39.474,111.4
2408,0.046055,39.474,111.45
2409,0.04625,39.474,111.29
2410,0.046446,39.474,111.76
2411,0.046642,39.474,111.7
2412,0.046837,39.474,112.05
2413,0.047033,39.474,112.01
2414,0.047229,39.474,111.83
2415,0.047424,39.474,112.36
2416,0.04762,39.474,112.34
2417,0.047815,39.474,112.14
2418,0.048011,39.474,112.56
2419,0.048207,39.474,112.67
2420,0.048402,39.474,112.5
2421,0.048598,39.474,112.7
2422,0.048793,39.474,112.97
2423,0.048989,39.474,112.97
2424,0.049184,39.474,112.81
2425,0.04938,39.474,113.1
2426,0.049576,39.474,113.23
2427,0.049771,39.474,113.05
2428,0.049967,39.474,113.2
2429,0.050162,39.474,113.58
2430,0.050358,39.474,113.35
2431,0.05049,39.474,113.35
2432,0.050527,39.474,113.83
2433,0.050699,39.474,113.77
2434,0.050894,39.474,113.65
2435,0.05109,39.474,114.01
2436,0.051285,39.474,114.11
2437,0.05148,39.474,113.96
2438,0.051676,39.474,114.41
2439,0.051871,39.474,114.26
2440,0.052066,39.474,114.61
2441,0.052261,39.474,114.63
2442,0.052456,39.474,114.56
2443,0.052652,39.474,115.09
2444,0.052847,39.474,115.02
2445,0.053042,39.474,114.87
2446,0.053238,39.474,115.4
2447,0.053433,39.474,115.24
2448,0.053629,39.474,115.17
2449,0.053824,39.474,115.6
2450,0.054019,39.474,115.63
2451,0.054215,39.474,115.47
2452,0.05441,39.474,115.47
2453,0.054606,39.474,115.96
2454,0.054801,39.474,115.98
2455,0.054997,39.474,115.78
2456,0.055192,39.474,115.78
2457,0.055388,39.474,116.31
2458,0.055583,39.474,116.15
2459,0.055778,39.474,116.08
2460,0.055974,39.474,116.08
2461,0.056169,39.474,116.43
2462,0.056365,39.474,116.57
2463,0.056561,39.474,116.38
2464,0.056756,39.474,116.65
2465,0.056951,39.474,116.8
2466,0.057147,39.474,116.69
2467,0.057342,39.474,117.17
2468,0.057538,39.474,116.99
2468,0.057733,39.474,117.47
2469,0.057929,39.474,117.41
2470,0.058124,39.474,117.72
2471,0.058319,39.474,117.75
2472,0.058515,39.474,117.6
2473,0.05871,39.474,118.08
2474,0.058905,39.474,118.08
2475,0.059101,39.474,117.92
2476,0.059296,39.474,117.39
2477,0.059491,39.474,118.54
2478,0.059686,39.474,118.21
2479,0.059882,39.474,118.21
2480,0.060077,39.474,118.47
2481,0.060272,39.474,118.74
2482,0.060468,39.474,118.62
2483,0.060664,39.474,118.51
2484,0.060859,39.474,118.93
2485,0.061054,39.474,118.86
2486,0.06125,39.474,119.04
2487,0.061445,39.474,118.93
2488,0.061641,39.474,119.08
2489,0.061836,39.474,119.34
2490,0.062031,39.474,119.18
2491,0.062226,39.474,119.54
2492,0.062422,39.474,119.53
2493,0.062617,39.474,119.68
2494,0.062813,39.474,119.87
2495,0.063008,39.474,119.72
2496,0.063204,39.474,120.23
2497,0.063399,39.474,120.03
2498,0.063594,39.474,120.45
2499,0.06379,39.474,120.33
2500,0.063985,39.474,120.68
2501,0.064181,39.474,120.86
2502,0.064376,39.474,120.78
2503,0.064571,39.474,120.63
2504,0.064767,39.474,120.99
2505,0.064963,39.474,121.14
2506,0.065158,39.474,120.94
2507,0.065353,39.474,120.94
2508,0.065549,39.474,121.36
2509,0.065744,39.474,121.47
2510,0.06594,39.474,121.39
2511,0.066135,39.474,121.24
2512,0.06633,39.474,121.72
2513,0.066526,39.474,121.73
2514,0.066721,39.474,121.54
2515,0.066916,39.474,122.05
2516,0.067112,39.474,121.91
2517,0.067307,39.474,122.33
2518,0.067503,39.474,122.26
2519,0.067698,39.474,122.58
2520,0.067894,39.474,122.64
2521,0.068089,39.474,122.45
2522,0.068284,39.474,122.91
2523,0.06848,39.474,122.76
2524,0.068675,39.474,122.76
2525,0.068871,39.474,123.11
2526,0.069066,39.474,123.24
2527,0.069261,39.474,123.06
2528,0.069457,39.474,123.06
2529,0.069652,39.474,123.06
2530,0.069847,39.474,123.41
2531,0.070043,39.474,123.59
2532,0.070238,39.474,123.43
2533,0.070433,39.474,123.36
2534,0.070629,39.474,123.79
2535,0.070824,39.474,123.67
2536,0.071019,39.474,124.02
2537,0.071214,39.474,124.04
2538,0.07141,39.474,124.24
2539,0.071606,39.474,124.39
2540,0.071801,39.474,124.7
2541,0.071996,39.474,124.63
2542,0.072191,39.474,125.42
2543,0.072387,39.474,125
2544,0.072582,39.474,125.31
2545,0.072777,39.474,125.19
2546,0.072973,39.474,125.54
2547,0.073168,39.474,125.55
2548,0.073363,39.474,125.75
2549,0.073558,39.474,126
2550,0.073754,39.474,125.79
2551,0.073949,39.474,126.15
2552,0.074145,39.474,126.32
2553,0.07434,39.474,126.16
2554,0.074536,39.474,126.1
2555,0.074731,39.474,126.52
2556,0.074926,39.474,126.55
2557,0.075122,39.474,126.4
2558,0.075317,39.474,126.82
2559,0.075512,39.475,126.7
2560,0.075708,39.475,127.13
2561,0.075903,39.475,127.01
2562,0.076099,39.475,127.54
2563,0.076294,39.475,127.37
2564,0.076489,39.475,127.76
2565,0.076684,39.475,127.61
2566,0.07688,39.475,128.04
2567,0.077075,39.475,128.1
2568,0.07727,39.475,127.92
2569,0.077466,39.475,128.07
2570,0.077661,39.475,128.45
2571,0.077857,39.475,128.22
2572,0.078052,39.475,128.57
2573,0.078247,39.475,128.71
2574,0.078443,39.475,128.52
2575,0.078638,39.475,129.05
2576,0.078834,39.475,128.98
2577,0.079029,39.475,129.25
2578,0.079224,39.475,129.31
2579,0.07942,39.475,129.48
2580,0.079615,39.475,129.64
2581,0.079811,39.475,129.38
2582,0.080006,39.475,129.03
2583,0.080202,39.475,129.51
2584,0.080397,39.475,130.39
2585,0.080593,39.475,130.27
2586,0.080788,39.475,130.04
2587,0.080984,39.475,130.51
2588,0.081179,39.475,130.19
2589,0.081375,39.475,141.92
2590,0.08157,39.475,142.15
2591,0.081766,39.475,142.22
2592,0.081961,39.475,142.54
2593,0.082157,39.475,142.67
2594,0.082351,39.475,143.01
2595,0.082547,39.475,142.83
2596,0.082742,39.475,143.24
2597,0.082938,39.475,143.13
2598,0.083133,39.475,143.51
2599,0.083328,39.475,143.58
2600,0.083524,39.475,143.8
2601,0.083719,39.475,143.73
2602,0.083914,39.475,144.06
2603,0.08411,39.475,144.04
2604,0.084305,39.475,144.38
2605,0.0845,39.475,144.34
2606,0.084696,39.475,144.64
2607,0.084891,39.475,144.64
2608,0.085087,39.475,144.24
2609,0.085282,39.475,144.75
2610,0.085478,39.475,145.1
2611,0.085673,39.475,145.25
2612,0.085869,39.475,145.49
2613,0.086064,39.475,145.55
2614,0.086259,39.475,145.88
2615,0.086454,39.475,146.01
2616,0.08665,39.475,146.16
2617,0.086845,39.475,146.4
2618,0.087041,39.475,146.46
2619,0.087236,39.475,146.79
2620,0.087431,39.475,147.11
2621,0.087626,39.475,147.22
2622,0.087822,39.475,147.44
2623,0.088017,39.475,147.68
2624,0.088213,39.475,147.68
2625,0.088408,39.475,148.06
2626,0.088604,39.475,148.13
2627,0.088799,39.475,148.35
2628,0.088995,39.475,148.59
2629,0.08919,39.475,148.59
2630,0.089386,39.475,148.97
2631,0.089581,39.475,149.04
2632,0.089776,39.475,149.37
2633,0.089972,39.475,149.19
2634,0.090167,39.475,149.52
2635,0.090363,39.475,149.65
2636,0.090558,39.475,149.8
2637,0.090753,39.475,150.17
2638,0.090949,39.475,150.41
2639,0.091144,39.475,150.41
2640,0.09134,39.475,150.77
2641,0.091535,39.475,151.05
2642,0.091731,39.475,151.28
2643,0.091926,39.475,151.32
2644,0.092122,39.475,151.69
2645,0.092317,39.475,151.77
2646,0.092512,39.475,151.99
2647,0.092707,39.475,152.22
2648,0.092903,39.475,152.22
2649,0.093098,39.475,152.49
2650,0.093294,39.475,152.53
2651,0.093489,39.475,152.68
2652,0.093685,39.475,152.9
2653,0.09388,39.475,153.13
2654,0.094075,39.475,153.13
2655,0.094271,39.475,153.51
2656,0.094466,39.475,153.59
2657,0.094661,39.475,153.81
2658,0.094856,39.475,154.12
2659,0.095051,39.475,154.31
2660,0.095247,39.475,154.35
2661,0.095442,39.475,154.72
2662,0.095637,39.475,154.89
2663,0.095833,39.475,154.95
2664,0.096028,39.475,155.28
2665,0.096224,39.475,155.54
2666,0.096419,39.475,155.71
2667,0.096614,39.475,155.86
2668,0.09681,39.475,156.28
2669,0.097004,39.475,156.55
2670,0.0972,39.475,156.81
2671,0.097395,39.475,157.01
2672,0.097591,39.475,157.23
2673,0.097786,39.475,157.44
2674,0.097982,39.475,157.76
2675,0.098177,39.475,157.96
2676,0.098372,39.475,158.22
2677,0.098568,39.475,158.29
2678,0.098763,39.475,158.71
2679,0.098959,39.475,158.97
2680,0.099154,39.475,159.05
2681,0.099349,39.475,159.26
2682,0.099545,39.475,159.48
2683,0.09974,39.475,159.77
2684,0.099935,39.475,159.81
2685,0.10013,39.475,160.22
2686,0.10033,39.475,160.35
2687,0.10052,39.475,160.71
2688,0.10072,39.475,160.71
2689,0.10091,39.475,161.04
2690,0.10111,39.475,161.3
2691,0.1013,39.475,161.56
2692,0.1015,39.475,161.93
2693,0.10169,39.475,162.08
2694,0.10189,39.475,162.3
2695,0.10208,39.475,162.6
2696,0.10228,39.475,162.88
2697,0.10247,39.475,163.08
2698,0.10267,39.475,163.34
2699,0.10287,39.475,163.68
2700,0.10306,39.475,164.05
2701,0.10326,39.475,164.25
2702,0.10345,39.475,164.51
2703,0.10365,39.475,164.81
2704,0.10384,39.475,165.15
2705,0.10404,39.475,165.33
2706,0.10423,39.475,165.68
2707,0.10443,39.476,165.89
2708,0.10462,39.476,166.25
2709,0.10482,39.476,166.51
2710,0.10501,39.476,166.71
2711,0.10521,39.476,167.08
2712,0.1054,39.476,167.35
2713,0.1056,39.476,167.54
2714,0.10579,39.476,167.26
2715,0.10599,39.476,167.33
2716,0.10619,39.476,168.32
2717,0.10638,39.476,168.66
2718,0.10658,39.476,168.97
2719,0.10677,39.476,169.23
2720,0.10697,39.476,169.57
2721,0.10716,39.476,169.93
2722,0.10736,39.476,170.14
2723,0.10755,39.476,170.4
2724,0.10775,39.476,170.76
2725,0.10794,39.476,170.99
2726,0.10814,39.476,171.02
2727,0.10833,39.476,171.35
2728,0.10853,39.476,171.71
2729,0.10872,39.476,171.91
2730,0.10892,39.476,172.17
2731,0.10911,39.476,172.54
2732,0.10931,39.476,172.88
2733,0.10951,39.476,173.08
2734,0.1097,39.476,173.45
2735,0.1099,39.476,173.64
2736,0.11009,39.476,174.02
2737,0.11029,39.476,174.25
2738,0.11048,39.476,174.51
2739,0.11068,39.476,174.86
2740,0.11087,39.476,175.23
2741,0.11107,39.476,175.42
2742,0.11126,39.476,175.72
2743,0.11146,39.476,175.94
2744,0.11166,39.476,176.37
2745,0.11185,39.476,176.55
2746,0.11205,39.476,176.85
2747,0.11224,39.476,177.11
2748,0.11244,39.476,177.46
2749,0.11263,39.476,177.76
2750,0.11283,39.476,178.02
2751,0.11302,39.476,178.37
2752,0.11322,39.476,178.72
2753,0.11341,39.476,178.93
2754,0.11361,39.476,179.19
2755,0.1138,39.476,179.59
2756,0.114,39.476,179.8
2757,0.11419,39.476,180.1
2758,0.11439,39.476,180.36
2759,0.11459,39.476,180.71
2760,0.11478,39.476,181.07
2761,0.11498,39.476,181.37
2762,0.11517,39.476,181.62
2763,0.11537,39.476,181.96
2764,0.11556,39.476,182.22
2765,0.11576,39.476,182.58
2766,0.11595,39.476,182.78
2767,0.11614,39.476,183.04
2768,0.11634,39.476,183.15
2769,0.11653,39.476,183.52
2770,0.11673,39.476,183.74
2771,0.11692,39.476,184.08
2772,0.11712,39.476,184.56
2773,0.11731,39.476,184.91
2774,0.11751,39.476,185.25
2775,0.1177,39.476,185.6
2776,0.1179,39.476,185.95
2777,0.1181,39.476,186.37
2778,0.11829,39.476,186.75
2779,0.11849,39.476,186.94
2780,0.11868,39.476,187.44
2781,0.11888,39.476,187.72
2782,0.11907,39.476,188.19
2783,0.11927,39.476,188.55
2784,0.11946,39.476,189.13
2785,0.11966,39.476,189.56
2786,0.11985,39.476,189.82
2787,0.12005,39.476,189.98
2788,0.12024,39.476,190.32
2789,0.12044,39.476,190.73
2790,0.12064,39.476,190.93
2791,0.12083,39.476,191.42
2792,0.12102,39.476,191.72
2793,0.12122,39.476,191.97
2794,0.12142,39.476,192.44
2795,0.12161,39.476,192.79
2796,0.12181,39.476,193.18
2797,0.122,39.476,193.54
2798,0.1222,39.476,193.79
2799,0.12239,39.476,194.26
2800,0.12259,39.476,194.57
2801,0.12278,39.476,194.91
2802,0.12298,39.476,195.4
2803,0.12317,39.476,195.82
2804,0.12337,39.476,196.34
2805,0.12356,39.476,196.49
2806,0.12376,39.476,196.86
2807,0.12395,39.476,197.29
2808,0.12415,39.476,197.64
2809,0.12434,39.476,198.09
2810,0.12454,39.476,198.57
2811,0.12473,39.476,199
2812,0.12493,39.476,199.48
2813,0.12512,39.476,199.76
2814,0.12532,39.476,200.28
2815,0.12552,39.476,200.63
2816,0.12571,39.476,200.98
2817,0.12591,39.476,201.6
2818,0.1261,39.476,201.89
2819,0.1263,39.476,202.41
2820,0.12649,39.476,202.86
2821,0.12669,39.476,203.75
2822,0.12688,39.476,203.68
2823,0.12708,39.476,204.06
2824,0.12727,39.476,204.36
2825,0.12747,39.476,204.83
2826,0.12766,39.476,205.29
2827,0.12786,39.476,205.81
2828,0.12802,39.476,206.18
2829,0.12802,39.476,206.48
2830,0.12803,39.476,207.12
2831,0.12803,39.476,207.6
2832,0.12803,39.476,207.91
2833,0.12803,39.476,208.57
2834,0.12804,39.475,208.82
2835,0.12804,39.475,209.25
2836,0.12804,39.475,209.76
2837,0.12804,39.475,210.22
2838,0.12805,39.475,210.67
2839,0.12805,39.475,211.23
2840,0.12805,39.475,211.77
2841,0.12806,39.474,212.28
2842,0.12806,39.474,212.64
2843,0.12806,39.474,213.1
2844,0.12806,39.474,213.66
2845,0.12807,39.474,214.1
2846,0.12807,39.474,214.64
2847,0.12807,39.473,215.18
2848,0.12824,39.473,215.67
2849,0.12843,39.473,216.25
2850,0.12863,39.473,216.69
2851,0.12882,39.473,217.04
2852,0.12902,39.473,217.75
2853,0.12921,39.473,218.17
2854,0.1294,39.473,218.67
2855,0.1296,39.473,219.2
2856,0.1298,39.473,219.79
2857,0.12999,39.473,220.4
2858,0.13018,39.473,220.69
2859,0.13038,39.473,221.31
2860,0.13058,39.473,221.78
2861,0.13077,39.473,222.25
2862,0.13096,39.473,222.89
2863,0.13115,39.473,223.44
2864,0.13135,39.473,224.09
2865,0.13154,39.473,224.47
2866,0.13174,39.473,224.96
2867,0.13193,39.473,225.62
2868,0.13212,39.473,226.17
2869,0.13231,39.473,226.66
2870,0.13251,39.473,227.34
2871,0.1327,39.473,228
2872,0.13289,39.473,228.33
2873,0.13309,39.473,228.83
2874,0.13328,39.473,229.46
2875,0.13347,39.473,230.1
2876,0.13366,39.473,230.57
2877,0.13385,39.473,231.1
2878,0.13404,39.473,231.63
2879,0.13423,39.473,232.22
2880,0.13442,39.473,232.83
2881,0.13461,39.473,233.3
2882,0.13481,39.473,233.94
2883,0.135,39.473,234.51
2884,0.13519,39.473,235.22
2885,0.13538,39.473,235.86
2886,0.13557,39.473,236.33
2887,0.13576,39.473,236.86
2888,0.13596,39.473,237.48
2889,0.13615,39.473,238.14
2890,0.13634,39.473,238.53
2891,0.13653,39.473,239.23
2892,0.13672,39.473,239.91
2893,0.13691,39.473,240.42
2894,0.1371,39.473,241.05
2895,0.13729,39.472,241.73
2896,0.13748,39.472,242.23
2897,0.13767,39.472,242.87
2898,0.13786,39.472,243.46
2899,0.13806,39.472,244.06
2900,0.13824,39.472,244.87
2901,0.13844,39.472,245.27
2902,0.13863,39.472,245.94
2903,0.13882,39.472,246.49
2904,0.13901,39.472,247.15
2905,0.1392,39.472,247.72
2906,0.13938,39.472,248.4
2907,0.13958,39.472,248.91
2908,0.13977,39.472,249.61
2909,0.13997,39.472,250.18
2910,0.14016,39.472,250.82
2911,0.14035,39.472,251.68
2912,0.14054,39.472,252.27
2913,0.14073,39.472,252.88
2914,0.14093,39.472,253.56
2915,0.14112,39.472,254.11
2916,0.14131,39.472,254.56
2917,0.1415,39.472,255.1
2918,0.14169,39.472,255.94
2919,0.14188,39.472,256.31
2920,0.14207,39.472,257.06
2921,0.14227,39.472,257.49
2922,0.14246,39.472,258.28
2923,0.14265,39.472,258.84
2924,0.14284,39.472,260.02
2925,0.14304,39.472,260.44
2926,0.14323,39.472,261
2927,0.14342,39.472,261.67
2928,0.14361,39.471,262.52
2929,0.1438,39.471,263.01
2930,0.14399,39.471,263.66
2931,0.14418,39.471,264.43
2932,0.14437,39.471,264.72
2933,0.14456,39.471,265.64
2934,0.14476,39.471,266.3
2935,0.14495,39.471,267.08
2936,0.14514,39.471,267.56
2937,0.14533,39.471,268.27
2938,0.14552,39.471,268.95
2939,0.14571,39.471,269.57
2940,0.1459,39.471,270.44
2941,0.1461,39.471,270.83
2942,0.14629,39.471,271.65
2943,0.14648,39.471,272
2944,0.14667,39.471,273
2945,0.14686,39.471,273.58
2946,0.14705,39.471,274.59
2947,0.14724,39.471,274.96
2948,0.14743,39.471,274.27
2949,0.14763,39.471,340.69
2950,0.14781,39.471,341.84
2951,0.148,39.471,343
2952,0.14819,39.471,344.45
2953,0.14839,39.471,345.89
2954,0.14858,39.471,347.13
2955,0.14877,39.471,348.44
2956,0.14896,39.471,349.82
2957,0.14912,39.471,351.09
2958,0.14917,39.47,352.31
2959,0.14922,39.47,353.76
2960,0.14926,39.47,355.2
2961,0.1493,39.47,356.44
2962,0.14932,39.47,357.79
2963,0.14933,39.47,359.22
2964,0.14935,39.469,360.45
2965,0.14936,39.469,361.69
2966,0.14938,39.469,363.24
2967,0.14939,39.469,364.75
2968,0.14942,39.469,366.15
2969,0.14945,39.469,367.49
2970,0.14948,39.469,368.78
2971,0.14951,39.468,370.11
2972,0.14954,39.468,371.52
2973,0.14957,39.468,372.81
2974,0.1496,39.468,374.28
2975,0.14963,39.468,375.88
2976,0.14966,39.468,377.36
2977,0.14969,39.468,378.91